[
  {
    "Id": "188306",
    "ThreadId": "55760",
    "Html": "<p>Shouldn't the constant be:</p>\r\n<p>0.6185</p>\r\n<p>not 0.06185 as it appears in the code base.</p>\r\n<p>Even the PDF that is in the comments seems to confirm that...</p>\r\n<pre>             <span style=\"color:blue\">return</span> (<span style=\"color:blue\">float</span>)Math.Pow(0.06185, <span style=\"color:blue\">int</span>.MaxValue / capacity); <span style=\"color:green\">// http://www.cs.princeton.edu/courses/archive/spring02/cs493/lec7.pdf</span><br></pre>",
    "PostedDate": "2009-05-08T14:19:17.937-07:00",
    "UserRole": null,
    "MarkedAsAnswerDate": null
  },
  {
    "Id": "191208",
    "ThreadId": "55760",
    "Html": "<p>Great catch! Thank you, this will be corrected immediately.</p>",
    "PostedDate": "2009-05-17T10:17:26.98-07:00",
    "UserRole": null,
    "MarkedAsAnswerDate": null
  }
]