[
  {
    "Id": "856106",
    "ThreadId": "361612",
    "Html": "\r\n<div id=\"_mcePaste\" style=\"width:1px; height:1px; overflow:hidden; top:0px; left:-10000px\">\r\n&#65279;</div>\r\n<p>In the function <span style=\"text-decoration:underline\">hashInt32</span> the input is safe-cast to a Nullable&lt;UInt32&gt; with disasterous effects: no Int32 can be hashed as the input, &quot;x&quot;, remains null.</p>\r\n<p>The only alternative I can see is to box the &quot;T&quot; input via Convert.ToUInt32 or to make an Int32 specific filter to avoid boxing.</p>\r\n",
    "PostedDate": "2012-07-01T15:55:02.31-07:00",
    "UserRole": null,
    "MarkedAsAnswerDate": null
  }
]