{
  "WorkItem": {
    "AffectedComponent": {
      "Name": "",
      "DisplayName": ""
    },
    "ClosedComment": "",
    "ClosedDate": null,
    "CommentCount": 0,
    "Custom": null,
    "Description": "Now:\npublic Filter(int capacity, int errorRate)\n\nHave to be:\npublic Filter(int capacity, float errorRate)",
    "LastUpdatedDate": "2013-02-13T17:03:55.293-08:00",
    "PlannedForRelease": "",
    "ReleaseVisibleToPublic": false,
    "Priority": {
      "Name": "Low",
      "Severity": 50,
      "Id": 1
    },
    "ProjectName": "bloomfilter",
    "ReportedDate": "2012-10-11T02:50:21.417-07:00",
    "Status": {
      "Name": "Proposed",
      "Id": 1
    },
    "ReasonClosed": {
      "Name": "Unassigned"
    },
    "Summary": "Invalid constructor",
    "Type": {
      "Name": "Issue",
      "Id": 3
    },
    "VoteCount": 1,
    "Id": 23487
  },
  "FileAttachments": [],
  "Comments": []
}