[
  {
    "Id": "0",
    "Name": "0.1 Alpha",
    "DevelopmentStatus": "None",
    "Description": "Here's the initial release. Functional but there's room for improvement. \r\n\r\n* Employs generics to ensure that the objects are homogenous. \r\n* Requires that the callers supply one hash method other than GetHashCode().\r\n* Works for input sets smaller than int.maxValue/2. When passing a capacity greater than that it miscalculates the best _k_ and _n_ values. ",
    "ReleasedDatge": "0001-01-01T00:00:00",
    "ModifiedDate": "2007-06-24T17:53:02.393-07:00",
    "Files": [
      {
        "Id": "bd6b6168-7bae-4c55-8eff-44ced87089cb",
        "FileName": "example.cs",
        "Url": "./0/bd6b6168-7bae-4c55-8eff-44ced87089cb",
        "Type": "Example",
        "UploadDate": "2007-06-24T17:50:01.893-07:00"
      },
      {
        "Id": "3bee2da9-72e1-4874-a8e9-575837cdb4b4",
        "FileName": "BloomFilter.dll",
        "Url": "./0/3bee2da9-72e1-4874-a8e9-575837cdb4b4",
        "Type": "Application",
        "UploadDate": "2007-06-24T17:38:04.197-07:00"
      }
    ]
  },
  {
    "Id": "1",
    "Name": "1.0 Production",
    "DevelopmentStatus": "Stable",
    "Description": "* Simplified usage by providing secondary hash functions for strings and ints.\n* Added constructors to provide additional control for those that need it.\n* Improved calculation of optimal double-hashing function count and underlying data structure size.\n* Added a default false-positive rate (calculated based on capacity) for those that do not wish to pass one.\n* Now catching when a provided capacity and error rate would result in an overflow.\n* Added a readme to explain usage. ",
    "ReleasedDatge": "0001-01-01T00:00:00",
    "ModifiedDate": "2009-09-16T15:57:48.707-07:00",
    "Files": [
      {
        "Id": "3a13750a-dd97-4ffa-a94a-20bddd9d1356",
        "FileName": "BloomFilter.dll",
        "Url": "./1/3a13750a-dd97-4ffa-a94a-20bddd9d1356",
        "Type": "Application",
        "UploadDate": "2009-04-09T19:30:44.287-07:00"
      },
      {
        "Id": "828c6b76-c7a3-4b73-9b70-c2da78d074eb",
        "FileName": "Readme.txt",
        "Url": "./1/828c6b76-c7a3-4b73-9b70-c2da78d074eb",
        "Type": "Documentation",
        "UploadDate": "2009-09-16T15:57:48.583-07:00"
      }
    ]
  }
]